{
  "best_metric": 0.8154455445544554,
  "best_model_checkpoint": "C:\\Users\\Main\\PycharmProjects\\ma\\dl\\Final\\train\\vit\\checkpoint-798",
  "epoch": 2.9943714821763603,
  "eval_steps": 500,
  "global_step": 798,
  "is_hyper_param_search": false,
  "is_local_process_zero": true,
  "is_world_process_zero": true,
  "log_history": [
    {
      "epoch": 0.04,
      "learning_rate": 6.25e-06,
      "loss": 4.7414,
      "step": 10
    },
    {
      "epoch": 0.08,
      "learning_rate": 1.25e-05,
      "loss": 4.7182,
      "step": 20
    },
    {
      "epoch": 0.11,
      "learning_rate": 1.8750000000000002e-05,
      "loss": 4.6845,
      "step": 30
    },
    {
      "epoch": 0.15,
      "learning_rate": 2.5e-05,
      "loss": 4.6129,
      "step": 40
    },
    {
      "epoch": 0.19,
      "learning_rate": 3.125e-05,
      "loss": 4.5437,
      "step": 50
    },
    {
      "epoch": 0.23,
      "learning_rate": 3.7500000000000003e-05,
      "loss": 4.432,
      "step": 60
    },
    {
      "epoch": 0.26,
      "learning_rate": 4.375e-05,
      "loss": 4.2985,
      "step": 70
    },
    {
      "epoch": 0.3,
      "learning_rate": 5e-05,
      "loss": 4.1373,
      "step": 80
    },
    {
      "epoch": 0.34,
      "learning_rate": 4.930362116991643e-05,
      "loss": 3.9307,
      "step": 90
    },
    {
      "epoch": 0.38,
      "learning_rate": 4.860724233983287e-05,
      "loss": 3.7127,
      "step": 100
    },
    {
      "epoch": 0.41,
      "learning_rate": 4.79108635097493e-05,
      "loss": 3.5394,
      "step": 110
    },
    {
      "epoch": 0.45,
      "learning_rate": 4.721448467966574e-05,
      "loss": 3.343,
      "step": 120
    },
    {
      "epoch": 0.49,
      "learning_rate": 4.6518105849582176e-05,
      "loss": 3.1236,
      "step": 130
    },
    {
      "epoch": 0.53,
      "learning_rate": 4.582172701949861e-05,
      "loss": 2.9804,
      "step": 140
    },
    {
      "epoch": 0.56,
      "learning_rate": 4.5125348189415044e-05,
      "loss": 2.8472,
      "step": 150
    },
    {
      "epoch": 0.6,
      "learning_rate": 4.442896935933148e-05,
      "loss": 2.7356,
      "step": 160
    },
    {
      "epoch": 0.64,
      "learning_rate": 4.373259052924791e-05,
      "loss": 2.5613,
      "step": 170
    },
    {
      "epoch": 0.68,
      "learning_rate": 4.303621169916435e-05,
      "loss": 2.4532,
      "step": 180
    },
    {
      "epoch": 0.71,
      "learning_rate": 4.233983286908078e-05,
      "loss": 2.3862,
      "step": 190
    },
    {
      "epoch": 0.75,
      "learning_rate": 4.164345403899722e-05,
      "loss": 2.3842,
      "step": 200
    },
    {
      "epoch": 0.79,
      "learning_rate": 4.094707520891365e-05,
      "loss": 2.211,
      "step": 210
    },
    {
      "epoch": 0.83,
      "learning_rate": 4.0250696378830085e-05,
      "loss": 2.2259,
      "step": 220
    },
    {
      "epoch": 0.86,
      "learning_rate": 3.955431754874652e-05,
      "loss": 2.1333,
      "step": 230
    },
    {
      "epoch": 0.9,
      "learning_rate": 3.885793871866296e-05,
      "loss": 2.1161,
      "step": 240
    },
    {
      "epoch": 0.94,
      "learning_rate": 3.816155988857939e-05,
      "loss": 2.0416,
      "step": 250
    },
    {
      "epoch": 0.98,
      "learning_rate": 3.746518105849583e-05,
      "loss": 2.0329,
      "step": 260
    },
    {
      "epoch": 1.0,
      "eval_accuracy": 0.7434983498349835,
      "eval_loss": 1.3048757314682007,
      "eval_runtime": 53.6355,
      "eval_samples_per_second": 141.231,
      "eval_steps_per_second": 2.219,
      "step": 266
    },
    {
      "epoch": 1.01,
      "learning_rate": 3.676880222841226e-05,
      "loss": 1.9526,
      "step": 270
    },
    {
      "epoch": 1.05,
      "learning_rate": 3.607242339832869e-05,
      "loss": 1.9543,
      "step": 280
    },
    {
      "epoch": 1.09,
      "learning_rate": 3.5376044568245126e-05,
      "loss": 1.859,
      "step": 290
    },
    {
      "epoch": 1.13,
      "learning_rate": 3.4679665738161556e-05,
      "loss": 1.818,
      "step": 300
    },
    {
      "epoch": 1.16,
      "learning_rate": 3.3983286908077994e-05,
      "loss": 1.8346,
      "step": 310
    },
    {
      "epoch": 1.2,
      "learning_rate": 3.328690807799443e-05,
      "loss": 1.7998,
      "step": 320
    },
    {
      "epoch": 1.24,
      "learning_rate": 3.259052924791087e-05,
      "loss": 1.7931,
      "step": 330
    },
    {
      "epoch": 1.28,
      "learning_rate": 3.18941504178273e-05,
      "loss": 1.6854,
      "step": 340
    },
    {
      "epoch": 1.31,
      "learning_rate": 3.1197771587743737e-05,
      "loss": 1.7068,
      "step": 350
    },
    {
      "epoch": 1.35,
      "learning_rate": 3.050139275766017e-05,
      "loss": 1.6654,
      "step": 360
    },
    {
      "epoch": 1.39,
      "learning_rate": 2.98050139275766e-05,
      "loss": 1.6545,
      "step": 370
    },
    {
      "epoch": 1.43,
      "learning_rate": 2.9108635097493035e-05,
      "loss": 1.7237,
      "step": 380
    },
    {
      "epoch": 1.46,
      "learning_rate": 2.841225626740947e-05,
      "loss": 1.6168,
      "step": 390
    },
    {
      "epoch": 1.5,
      "learning_rate": 2.7715877437325903e-05,
      "loss": 1.6437,
      "step": 400
    },
    {
      "epoch": 1.54,
      "learning_rate": 2.7019498607242337e-05,
      "loss": 1.6304,
      "step": 410
    },
    {
      "epoch": 1.58,
      "learning_rate": 2.6323119777158778e-05,
      "loss": 1.6308,
      "step": 420
    },
    {
      "epoch": 1.61,
      "learning_rate": 2.562674094707521e-05,
      "loss": 1.587,
      "step": 430
    },
    {
      "epoch": 1.65,
      "learning_rate": 2.4930362116991646e-05,
      "loss": 1.5803,
      "step": 440
    },
    {
      "epoch": 1.69,
      "learning_rate": 2.423398328690808e-05,
      "loss": 1.5796,
      "step": 450
    },
    {
      "epoch": 1.73,
      "learning_rate": 2.3537604456824514e-05,
      "loss": 1.6221,
      "step": 460
    },
    {
      "epoch": 1.76,
      "learning_rate": 2.2841225626740948e-05,
      "loss": 1.5685,
      "step": 470
    },
    {
      "epoch": 1.8,
      "learning_rate": 2.214484679665738e-05,
      "loss": 1.5199,
      "step": 480
    },
    {
      "epoch": 1.84,
      "learning_rate": 2.144846796657382e-05,
      "loss": 1.5216,
      "step": 490
    },
    {
      "epoch": 1.88,
      "learning_rate": 2.0752089136490253e-05,
      "loss": 1.494,
      "step": 500
    },
    {
      "epoch": 1.91,
      "learning_rate": 2.0055710306406687e-05,
      "loss": 1.5469,
      "step": 510
    },
    {
      "epoch": 1.95,
      "learning_rate": 1.935933147632312e-05,
      "loss": 1.5419,
      "step": 520
    },
    {
      "epoch": 1.99,
      "learning_rate": 1.8662952646239558e-05,
      "loss": 1.4835,
      "step": 530
    },
    {
      "epoch": 2.0,
      "eval_accuracy": 0.8029042904290429,
      "eval_loss": 0.8662124276161194,
      "eval_runtime": 56.5084,
      "eval_samples_per_second": 134.051,
      "eval_steps_per_second": 2.106,
      "step": 533
    },
    {
      "epoch": 2.03,
      "learning_rate": 1.7966573816155992e-05,
      "loss": 1.4703,
      "step": 540
    },
    {
      "epoch": 2.06,
      "learning_rate": 1.7270194986072426e-05,
      "loss": 1.4872,
      "step": 550
    },
    {
      "epoch": 2.1,
      "learning_rate": 1.6573816155988857e-05,
      "loss": 1.4805,
      "step": 560
    },
    {
      "epoch": 2.14,
      "learning_rate": 1.587743732590529e-05,
      "loss": 1.4878,
      "step": 570
    },
    {
      "epoch": 2.18,
      "learning_rate": 1.518105849582173e-05,
      "loss": 1.4452,
      "step": 580
    },
    {
      "epoch": 2.21,
      "learning_rate": 1.4484679665738164e-05,
      "loss": 1.4593,
      "step": 590
    },
    {
      "epoch": 2.25,
      "learning_rate": 1.3788300835654596e-05,
      "loss": 1.4672,
      "step": 600
    },
    {
      "epoch": 2.29,
      "learning_rate": 1.309192200557103e-05,
      "loss": 1.425,
      "step": 610
    },
    {
      "epoch": 2.33,
      "learning_rate": 1.2395543175487466e-05,
      "loss": 1.48,
      "step": 620
    },
    {
      "epoch": 2.36,
      "learning_rate": 1.16991643454039e-05,
      "loss": 1.4243,
      "step": 630
    },
    {
      "epoch": 2.4,
      "learning_rate": 1.1002785515320335e-05,
      "loss": 1.457,
      "step": 640
    },
    {
      "epoch": 2.44,
      "learning_rate": 1.0306406685236769e-05,
      "loss": 1.4014,
      "step": 650
    },
    {
      "epoch": 2.48,
      "learning_rate": 9.610027855153205e-06,
      "loss": 1.4019,
      "step": 660
    },
    {
      "epoch": 2.51,
      "learning_rate": 8.913649025069639e-06,
      "loss": 1.3987,
      "step": 670
    },
    {
      "epoch": 2.55,
      "learning_rate": 8.217270194986073e-06,
      "loss": 1.454,
      "step": 680
    },
    {
      "epoch": 2.59,
      "learning_rate": 7.5208913649025075e-06,
      "loss": 1.4099,
      "step": 690
    },
    {
      "epoch": 2.63,
      "learning_rate": 6.8245125348189415e-06,
      "loss": 1.3695,
      "step": 700
    },
    {
      "epoch": 2.66,
      "learning_rate": 6.128133704735376e-06,
      "loss": 1.44,
      "step": 710
    },
    {
      "epoch": 2.7,
      "learning_rate": 5.43175487465181e-06,
      "loss": 1.4288,
      "step": 720
    },
    {
      "epoch": 2.74,
      "learning_rate": 4.735376044568245e-06,
      "loss": 1.4353,
      "step": 730
    },
    {
      "epoch": 2.78,
      "learning_rate": 4.03899721448468e-06,
      "loss": 1.3859,
      "step": 740
    },
    {
      "epoch": 2.81,
      "learning_rate": 3.3426183844011147e-06,
      "loss": 1.4073,
      "step": 750
    },
    {
      "epoch": 2.85,
      "learning_rate": 2.6462395543175487e-06,
      "loss": 1.391,
      "step": 760
    },
    {
      "epoch": 2.89,
      "learning_rate": 1.9498607242339835e-06,
      "loss": 1.3942,
      "step": 770
    },
    {
      "epoch": 2.93,
      "learning_rate": 1.253481894150418e-06,
      "loss": 1.3662,
      "step": 780
    },
    {
      "epoch": 2.96,
      "learning_rate": 5.571030640668524e-07,
      "loss": 1.3698,
      "step": 790
    },
    {
      "epoch": 2.99,
      "eval_accuracy": 0.8154455445544554,
      "eval_loss": 0.7959422469139099,
      "eval_runtime": 52.5329,
      "eval_samples_per_second": 144.195,
      "eval_steps_per_second": 2.265,
      "step": 798
    },
    {
      "epoch": 2.99,
      "step": 798,
      "total_flos": 1.5837129276562944e+19,
      "train_loss": 2.1077982775848314,
      "train_runtime": 2854.9368,
      "train_samples_per_second": 71.639,
      "train_steps_per_second": 0.28
    },
    {
      "epoch": 2.99,
      "eval_accuracy": 0.858970297029703,
      "eval_loss": 0.6284210085868835,
      "eval_runtime": 178.4461,
      "eval_samples_per_second": 141.499,
      "eval_steps_per_second": 2.214,
      "step": 798
    }
  ],
  "logging_steps": 10,
  "max_steps": 798,
  "num_train_epochs": 3,
  "save_steps": 500,
  "total_flos": 1.5837129276562944e+19,
  "trial_name": null,
  "trial_params": null
}
